PDSTIME,Radius,Colatitude,Longitude,Br,Btheta,Bphi
1986-01-24T14:59:59,7.966777,50.454,143.133,-22.079,40.981,-8.904
1986-01-24T15:00:47,7.941352,50.577,142.78,-22.463,41.307,-8.775
1986-01-24T15:01:35,7.91595,50.702,142.428,-23.014,41.795,-8.626
1986-01-24T15:02:23,7.890578,50.827,142.075,-23.489,42.209,-8.473
1986-01-24T15:03:11,7.865236,50.953,141.722,-23.965,42.611,-8.328
1986-01-24T15:03:59,7.839922,51.079,141.368,-24.44,43.051,-8.179
1986-01-24T15:04:47,7.814635,51.207,141.015,-24.946,43.462,-8.013
1986-01-24T15:05:35,7.789376,51.336,140.662,-25.432,43.905,-7.841
1986-01-24T15:06:23,7.764148,51.465,140.308,-25.939,44.328,-7.682
1986-01-24T15:07:11,7.73895,51.595,139.955,-26.516,44.824,-7.506
1986-01-24T15:07:59,7.713781,51.726,139.601,-26.972,45.216,-7.327
1986-01-24T15:08:47,7.688641,51.858,139.247,-27.514,45.653,-7.153
1986-01-24T15:09:35,7.663533,51.991,138.893,-28.032,46.098,-6.963
1986-01-24T15:10:23,7.638456,52.125,138.538,-28.748,46.696,-6.71
1986-01-24T15:11:11,7.613412,52.259,138.184,-29.198,47.043,-6.584
1986-01-24T15:11:59,7.588396,52.395,137.83,-29.679,47.46,-6.405
1986-01-24T15:12:47,7.563415,52.531,137.475,-30.242,47.927,-6.2
1986-01-24T15:13:35,7.538464,52.668,137.12,-30.814,48.398,-6.0
1986-01-24T15:14:23,7.513548,52.807,136.765,-31.399,48.878,-5.768
1986-01-24T15:15:11,7.488666,52.946,136.41,-31.982,49.364,-5.543
1986-01-24T15:15:59,7.463814,53.086,136.055,-32.581,49.844,-5.333
1986-01-24T15:16:47,7.438998,53.227,135.7,-33.188,50.334,-5.107
1986-01-24T15:17:35,7.414214,53.369,135.344,-33.808,50.817,-4.867
1986-01-24T15:18:23,7.389468,53.512,134.989,-34.428,51.33,-4.615
1986-01-24T15:19:11,7.364756,53.656,134.633,-35.064,51.817,-4.396
1986-01-24T15:19:59,7.340076,53.801,134.277,-35.662,52.333,-4.258
1986-01-24T15:20:47,7.315438,53.947,133.921,-36.365,52.831,-3.866
1986-01-24T15:21:35,7.290833,54.094,133.565,-37.005,53.35,-3.617
1986-01-24T15:22:23,7.266264,54.242,133.209,-37.662,53.881,-3.34
1986-01-24T15:23:11,7.241732,54.391,132.852,-38.341,54.402,-3.059
1986-01-24T15:23:59,7.217238,54.542,132.496,-39.021,54.929,-2.763
1986-01-24T15:24:47,7.192785,54.693,132.139,-39.724,55.456,-2.453
1986-01-24T15:25:35,7.168367,54.845,131.782,-40.433,55.985,-2.149
1986-01-24T15:26:23,7.14399,54.998,131.425,-41.146,56.53,-1.829
1986-01-24T15:27:11,7.11965,55.152,131.068,-41.896,57.044,-1.518
1986-01-24T15:27:59,7.095349,55.308,130.711,-42.635,57.591,-1.22
1986-01-24T15:28:47,7.071092,55.464,130.353,-43.372,58.143,-0.913
1986-01-24T15:29:35,7.046875,55.622,129.996,-44.13,58.694,-0.584
1986-01-24T15:30:23,7.022699,55.78,129.638,-44.911,59.244,-0.25
1986-01-24T15:31:11,6.998562,55.94,129.28,-45.685,59.812,0.086
1986-01-24T15:31:59,6.974469,56.101,128.922,-46.46,60.391,0.442
1986-01-24T15:32:47,6.95042,56.263,128.563,-47.254,60.957,0.809
1986-01-24T15:33:35,6.926414,56.426,128.205,-48.051,61.549,1.164
1986-01-24T15:34:23,6.90245,56.591,127.846,-48.876,62.128,1.535
1986-01-24T15:35:11,6.878531,56.756,127.488,-49.723,62.688,2.067
1986-01-24T15:35:59,6.854656,56.923,127.129,-50.605,63.245,2.452
1986-01-24T15:36:47,6.830826,57.091,126.77,-51.403,63.847,2.87
1986-01-24T15:37:35,6.807044,57.26,126.411,-52.625,64.571,3.417
1986-01-24T15:39:11,6.759618,57.602,125.692,-54.065,65.638,4.11
1986-01-24T15:39:59,6.735973,57.774,125.332,-55.006,66.222,4.575
1986-01-24T15:40:47,6.712379,57.948,124.972,-55.86,66.883,4.992
1986-01-24T15:41:35,6.688833,58.123000000000005,124.612,-56.819,67.461,5.474
1986-01-24T15:42:23,6.665337,58.3,124.252,-57.754,68.119,5.942
1986-01-24T15:43:11,6.641889,58.478,123.892,-58.655,68.745,6.42
1986-01-24T15:43:59,6.618493,58.657,123.531,-59.657,69.349,6.942
1986-01-24T15:44:47,6.595146,58.837,123.17,-60.612,70.019,7.423
1986-01-24T15:45:35,6.571851,59.018,122.81,-61.624,70.632,7.941
1986-01-24T15:46:23,6.548611,59.201,122.448,-62.578,71.319,8.482
1986-01-24T15:47:11,6.52542,59.385999999999996,122.087,-63.59,71.934,9.019
1986-01-24T15:47:59,6.502285,59.571,121.726,-64.614,72.599,9.561
1986-01-24T15:48:47,6.479203,59.757999999999996,121.364,-65.665,73.25,10.101
1986-01-24T15:49:35,6.456175,59.946,121.003,-66.716,73.924,10.685
1986-01-24T15:50:23,6.433203,60.135999999999996,120.641,-67.735,74.6,11.243
1986-01-24T15:51:11,6.410285,60.327,120.279,-68.831,75.269,11.844
1986-01-24T15:51:59,6.387428,60.519,119.916,-69.924,75.943,12.424
1986-01-24T15:52:47,6.364624,60.713,119.554,-71.004,76.649,13.033
1986-01-24T15:53:35,6.341882,60.908,119.191,-72.146,77.32,13.641
1986-01-24T15:54:23,6.319195,61.105000000000004,118.828,-73.297,77.98,14.253
1986-01-24T15:55:11,6.296569,61.303,118.465,-74.453,78.653,14.899
1986-01-24T15:55:59,6.274004,61.503,118.102,-75.617,79.372,15.544
1986-01-24T15:56:47,6.251501,61.703,117.739,-76.789,80.044,16.205
1986-01-24T15:57:35,6.229056,61.906,117.375,-78.009,80.744,16.901
1986-01-24T15:58:23,6.206676,62.11,117.012,-79.189,81.452,17.61
1986-01-24T15:59:11,6.184359,62.315,116.648,-80.415,82.151,18.288
1986-01-24T15:59:59,6.162104,62.522,116.284,-81.682,82.82,19.039
1986-01-24T16:00:47,6.139915,62.731,115.919,-82.926,83.521,19.792
1986-01-24T16:02:23,6.095736,63.152,115.19,-85.644,85.043,21.45
1986-01-24T16:03:11,6.073744,63.364999999999995,114.825,-86.819,85.663,22.123
1986-01-24T16:03:59,6.051822,63.58,114.46,-88.121,86.347,22.954
1986-01-24T16:04:47,6.029966,63.796,114.095,-89.437,87.112,23.739
1986-01-24T16:05:35,6.008183,64.014,113.729,-90.752,87.851,24.61
1986-01-24T16:06:23,5.986467,64.23400000000001,113.363,-92.102,88.589,25.442
1986-01-24T16:07:11,5.964826,64.455,112.997,-92.874,88.929,25.945
1986-01-24T16:07:59,5.943254,64.67699999999999,112.631,-94.876,89.997,27.195
1986-01-24T16:08:47,5.921756,64.902,112.265,-96.327,90.743,28.089
1986-01-24T16:09:35,5.900331,65.128,111.899,-97.712,91.475,29.038
1986-01-24T16:10:23,5.878983,65.355,111.532,-99.146,92.226,29.95
1986-01-24T16:11:11,5.857707,65.58500000000001,111.165,-100.609,92.975,30.917
1986-01-24T16:11:59,5.83651,65.816,110.798,-102.05,93.723,31.885
1986-01-24T16:12:47,5.81539,66.048,110.43,-103.477,94.522,32.892
1986-01-24T16:13:35,5.794348,66.283,110.063,-104.963,95.223,33.899
1986-01-24T16:14:23,5.773383,66.519,109.695,-106.499,96.018,34.862
1986-01-24T16:15:11,5.752501,66.757,109.327,-108.335,97.044,36.291
1986-01-24T16:15:59,5.731701,66.997,108.959,-109.46,97.613,37.013
1986-01-24T16:16:47,5.710981,67.238,108.59,-111.033,98.441,38.074
1986-01-24T16:17:35,5.690346,67.481,108.222,-112.568,99.257,39.166
1986-01-24T16:18:23,5.669792,67.726,107.853,-114.137,100.061,40.276
1986-01-24T16:19:11,5.649326,67.973,107.484,-115.709,100.838,41.413
1986-01-24T16:19:59,5.628946,68.22200000000001,107.114,-117.263,101.598,42.586
1986-01-24T16:20:47,5.608652,68.47200000000001,106.745,-118.866,102.391,43.755
1986-01-24T16:21:35,5.588447,68.724,106.375,-120.508,103.251,44.938
1986-01-24T16:22:23,5.56833,68.979,106.005,-122.125,104.015,46.152
1986-01-24T16:23:11,5.548304,69.235,105.634,-123.767,104.824,47.397
1986-01-24T16:23:59,5.528371,69.492,105.264,-125.438,105.665,48.653
1986-01-24T16:24:47,5.508528,69.752,104.893,-127.108,106.448,49.924
1986-01-24T16:25:35,5.488779,70.014,104.522,-128.787,107.283,51.213
1986-01-24T16:26:23,5.469127,70.277,104.151,-130.47,108.095,52.541
1986-01-24T16:27:11,5.44957,70.543,103.779,-132.194,108.915,53.849
1986-01-24T16:27:59,5.430109,70.81,103.408,-133.906,109.75,55.206
1986-01-24T16:28:47,5.410748,71.08,103.036,-135.655,110.572,56.582
1986-01-24T16:29:35,5.391482,71.351,102.663,-137.411,111.414,57.959
1986-01-24T16:30:23,5.37232,71.624,102.291,-139.172,112.235,59.356
1986-01-24T16:31:11,5.353257,71.899,101.918,-140.957,113.058,60.786
1986-01-24T16:31:59,5.334302,72.17699999999999,101.545,-142.77,113.86,62.232
1986-01-24T16:32:47,5.315446,72.456,101.172,-144.573,114.708,63.698
1986-01-24T16:33:35,5.296697,72.737,100.799,-146.356,115.494,65.235
1986-01-24T16:34:23,5.278053,73.02,100.425,-148.238,116.276,66.752
1986-01-24T16:35:11,5.25952,73.306,100.051,-150.098,116.995,68.303
1986-01-24T16:35:59,5.241092,73.593,99.676,-151.962,117.699,69.872
1986-01-24T16:36:47,5.222776,73.882,99.302,-153.867,118.422,71.498
1986-01-24T16:37:35,5.204571,74.173,98.927,-155.797,119.162,73.147
1986-01-24T16:38:23,5.186481,74.467,98.552,-157.695,119.864,74.765
1986-01-24T16:39:11,5.168503,74.762,98.177,-159.623,120.548,76.449
1986-01-24T16:39:59,5.150639,75.06,97.801,-161.573,121.239,78.15
1986-01-24T16:40:47,5.132893,75.36,97.425,-163.487,121.908,79.841
1986-01-24T16:41:35,5.115266,75.661,97.049,-165.456,122.595,81.577
1986-01-24T16:42:23,5.097755,75.965,96.672,-167.427,123.294,83.339
1986-01-24T16:43:11,5.080369,76.271,96.295,-169.388,123.938,85.114
1986-01-24T16:43:59,5.0631,76.57900000000001,95.918,-171.356,124.611,86.935
1986-01-24T16:44:47,5.045959,76.889,95.541,-173.354,125.268,88.757
1986-01-24T16:45:35,5.02894,77.202,95.163,-175.317,125.916,90.575
1986-01-24T16:46:23,5.012048,77.516,94.785,-177.293,126.545,92.489
1986-01-24T16:47:11,4.995283,77.833,94.407,-179.301,127.189,94.389
1986-01-24T16:47:59,4.978644,78.152,94.029,-181.257,127.8,96.275
1986-01-24T16:48:47,4.96214,78.472,93.65,-183.259,128.431,98.24
1986-01-24T16:49:35,4.945765,78.795,93.271,-185.249,129.016,100.164
1986-01-24T16:50:23,4.929523,79.121,92.891,-187.249,129.621,102.176
1986-01-24T16:51:11,4.913416,79.44800000000001,92.511,-189.266,130.212,104.211
1986-01-24T16:51:59,4.897445,79.777,92.131,-191.29,130.794,106.253
1986-01-24T16:52:47,4.881612,80.109,91.751,-193.26,131.363,108.255
1986-01-24T16:53:35,4.865915,80.443,91.37,-195.234,132.093,110.217
1986-01-24T16:54:23,4.850361,80.779,90.989,-197.212,132.631,112.396
1986-01-24T16:55:11,4.834948,81.117,90.608,-199.194,133.232,114.518
1986-01-24T16:55:59,4.819678,81.457,90.226,-201.115,133.814,116.679
1986-01-24T16:56:47,4.804554,81.8,89.844,-203.093,134.476,118.818
1986-01-24T16:57:35,4.789573,82.145,89.461,-205.04,135.019,121.013
1986-01-24T16:58:23,4.774743,82.491,89.079,-206.972,135.656,123.211
1986-01-24T16:59:11,4.76006,82.84,88.696,-208.929,136.185,125.391
1986-01-24T16:59:59,4.745528,83.191,88.312,-210.839,136.753,127.655
1986-01-24T17:00:47,4.731148,83.545,87.928,-212.757,137.331,129.905
1986-01-24T17:01:35,4.716921,83.9,87.544,-214.653,137.856,132.19
1986-01-24T17:02:23,4.70285,84.258,87.16,-216.538,138.393,134.495
1986-01-24T17:03:11,4.688937,84.618,86.775,-218.323,138.767,136.749
1986-01-24T17:03:59,4.67518,84.979,86.39,-220.111,138.883,138.726
1986-01-24T17:04:47,4.661583,85.344,86.004,-221.833,139.584,141.119
1986-01-24T17:05:35,4.648148,85.71,85.618,-223.7,139.905,143.433
1986-01-24T17:06:23,4.634874,86.078,85.232,-225.382,140.421,145.885
1986-01-24T17:07:11,4.621764,86.448,84.845,-227.213,141.017,148.224
1986-01-24T17:07:59,4.608822,86.821,84.458,-229.01,141.39,150.599
1986-01-24T17:08:47,4.596045,87.195,84.071,-230.69,141.799,153.156
1986-01-24T17:09:35,4.583439,87.572,83.683,-232.498,142.195,155.487
1986-01-24T17:10:23,4.571002,87.951,83.295,-234.211,142.553,157.964
1986-01-24T17:11:11,4.558735,88.331,82.906,-235.743,143.082,160.451
1986-01-24T17:11:59,4.546641,88.714,82.517,-237.468,143.397,162.938
1986-01-24T17:12:47,4.534723,89.099,82.128,-239.121,143.75,165.348
1986-01-24T17:13:35,4.522983,89.486,81.738,-240.656,144.065,167.912
1986-01-24T17:14:23,4.511415,89.875,81.348,-242.246,144.446,170.414
1986-01-24T17:15:11,4.500031,90.266,80.957,-243.73,144.79,172.929
1986-01-24T17:15:59,4.488825,90.658,80.566,-245.197,145.105,175.465
1986-01-24T17:16:47,4.477804,91.053,80.175,-246.62,145.443,178.048
1986-01-24T17:17:35,4.466963,91.45,79.783,-248.191,145.686,180.526
1986-01-24T17:18:23,4.45631,91.849,79.391,-249.457,145.935,183.042
1986-01-24T17:19:11,4.445841,92.249,78.998,-250.748,146.132,185.666
1986-01-24T17:19:59,4.43556,92.651,78.604,-252.141,146.54,188.172
1986-01-24T17:20:47,4.425469,93.056,78.211,-253.497,146.808,190.712
1986-01-24T17:21:35,4.415567,93.462,77.817,-254.616,146.954,193.338
1986-01-24T17:22:23,4.405857,93.869,77.422,-255.896,147.271,195.894
1986-01-24T17:23:11,4.39634,94.279,77.027,-256.82,147.382,198.628
1986-01-24T17:23:59,4.387019,94.69,76.632,-257.848,147.538,201.186
1986-01-24T17:24:47,4.377893,95.103,76.236,-258.897,147.885,203.793
1986-01-24T17:25:35,4.368966,95.518,75.839,-259.618,148.14,206.431
1986-01-24T17:26:23,4.360234,95.935,75.442,-260.682,148.395,208.986
1986-01-24T17:27:11,4.351705,96.353,75.045,-261.669,148.564,211.431
1986-01-24T17:27:59,4.343376,96.772,74.647,-262.348,148.709,214.008
1986-01-24T17:28:47,4.335249,97.194,74.248,-263.029,148.943,216.562
1986-01-24T17:29:35,4.327325,97.616,73.85,-263.649,149.102,218.857
1986-01-24T17:30:23,4.319606,98.041,73.45,-264.524,149.162,221.641
1986-01-24T17:31:11,4.312092,98.467,73.05,-264.935,149.389,224.175
1986-01-24T17:31:59,4.304786,98.894,72.65,-265.422,149.474,226.678
1986-01-24T17:32:47,4.297687,99.322,72.249,-266.15,149.521,229.024
1986-01-24T17:33:35,4.290798,99.752,71.847,-266.742,149.293,231.517
1986-01-24T17:34:23,4.284122,100.184,71.445,-267.471,148.898,233.909
1986-01-24T17:35:11,4.277652,100.616,71.043,-268.38,148.277,236.183
1986-01-24T17:35:59,4.271398,101.05,70.639,-268.729,148.254,238.607
1986-01-24T17:36:47,4.265356,101.485,70.236,-269.146,148.32,240.878
1986-01-24T17:37:35,4.259531,101.922,69.832,-269.538,148.079,243.142
1986-01-24T17:38:23,4.253919,102.359,69.427,-269.58,148.07,245.481
1986-01-24T17:39:11,4.248525,102.798,69.021,-269.624,148.01,247.784
1986-01-24T17:39:59,4.243343,103.237,68.615,-269.844,147.984,249.769
1986-01-24T17:40:47,4.238384,103.678,68.209,-269.821,147.803,252.004
1986-01-24T17:41:35,4.233643,104.12,67.802,-269.808,147.611,254.143
1986-01-24T17:42:23,4.229119,104.562,67.394,-269.75,147.257,256.255
1986-01-24T17:43:11,4.224818,105.006,66.985,-269.594,147.08,258.276
1986-01-24T17:43:59,4.220739,105.45,66.576,-269.286,146.871,260.403
1986-01-24T17:44:47,4.21688,105.895,66.167,-269.107,146.544,262.418
1986-01-24T17:45:35,4.213243,106.34100000000001,65.757,-268.58,146.265,264.439
1986-01-24T17:46:23,4.209829,106.787,65.346,-268.135,145.894,266.432
1986-01-24T17:47:11,4.206639,107.23400000000001,64.934,-267.733,145.669,268.345
1986-01-24T17:47:59,4.203673,107.682,64.522,-267.25,145.378,270.006
1986-01-24T17:48:47,4.200931,108.13,64.109,-266.701,145.244,271.511
1986-01-24T17:49:35,4.198415,108.57900000000001,63.696,-266.095,144.978,273.299
1986-01-24T17:50:23,4.196123,109.02799999999999,63.281,-265.334,144.664,274.773
1986-01-24T17:51:11,4.194058,109.47800000000001,62.867,-264.741,144.505,276.406
1986-01-24T17:51:59,4.19222,109.928,62.451,-263.998,144.08,277.955
1986-01-24T17:52:47,4.190607,110.378,62.035,-263.078,143.699,279.174
1986-01-24T17:53:35,4.189223,110.82900000000001,61.618,-262.288,143.313,280.685
1986-01-24T17:54:23,4.188064,111.279,61.2,-261.451,143.049,281.772
1986-01-24T17:55:11,4.187134,111.73,60.782,-260.686,142.735,283.097
1986-01-24T17:55:59,4.186429,112.181,60.362,-259.788,142.342,284.113
1986-01-24T17:56:47,4.185953,112.632,59.943,-258.62,141.964,285.139
1986-01-24T17:57:35,4.185704,113.083,59.522,-257.37,141.562,286.355
1986-01-24T17:58:23,4.185684,113.53399999999999,59.1,-256.045,141.209,287.7
1986-01-24T17:59:11,4.185891,113.985,58.678,-254.834,140.815,288.687
1986-01-24T17:59:59,4.186325,114.436,58.255,-253.411,140.393,289.831
1986-01-24T18:00:47,4.186989,114.887,57.831,-252.055,140.018,290.447
1986-01-24T18:01:35,4.187879,115.337,57.407,-251.387,139.915,290.472
1986-01-24T18:02:23,4.188994,115.787,56.981,-248.712,139.238,292.269
1986-01-24T18:03:11,4.190341,116.237,56.555,-247.309,138.716,292.744
1986-01-24T18:03:59,4.191911,116.686,56.128,-245.521,138.184,293.444
1986-01-24T18:04:47,4.193707,117.135,55.7,-243.791,137.765,294.003
1986-01-24T18:05:35,4.195732,117.583,55.272,-241.348,137.248,295.083
1986-01-24T18:06:23,4.197983,118.031,54.842,-240.494,137.177,294.689
1986-01-24T18:07:11,4.200459,118.47800000000001,54.411,-238.634,136.753,294.868
1986-01-24T18:07:59,4.202939,118.925,53.981,-236.798,136.383,295.709
1986-01-24T18:08:47,4.205421,119.372,53.551,-230.974,134.553,299.379
1986-01-24T18:09:35,4.207889,119.819,53.12,-228.228,133.921,300.313
1986-01-24T18:10:23,4.213477,120.256,52.677,-231.478,135.212,295.541
1986-01-24T18:11:11,4.216736,120.7,52.244,-229.504,134.968,295.753
1986-01-24T18:11:59,4.219994,121.145,51.81,-227.561,134.53,295.518
1986-01-24T18:12:47,4.223253,121.589,51.376,-225.555,134.164,295.419
1986-01-24T18:13:35,4.228287,122.027,50.935,-223.437,133.789,295.322
1986-01-24T18:14:23,4.232442,122.467,50.498,-221.415,133.401,295.12
1986-01-24T18:15:11,4.23747,122.904,50.056,-219.274,133.282,294.772
1986-01-24T18:15:59,4.242066,123.343,49.617,-217.21,132.783,294.323
1986-01-24T18:16:47,4.24753,123.777,49.174,-215.261,132.3,293.89
1986-01-24T18:17:35,4.252563,124.214,48.732,-212.885,132.199,293.364
1986-01-24T18:18:23,4.258458,124.646,48.287,-210.815,131.729,292.994
1986-01-24T18:19:11,4.263927,125.08,47.843,-208.629,131.414,292.227
1986-01-24T18:19:59,4.270249,125.509,47.396,-206.301,131.257,291.536
1986-01-24T18:20:47,4.27615,125.94,46.95,-204.104,130.843,290.92
1986-01-24T18:21:35,4.282894,126.366,46.5,-201.897,130.664,289.934
1986-01-24T18:22:23,4.28922,126.795,46.052,-199.805,130.23,289.234
1986-01-24T18:23:11,4.296387,127.218,45.6,-197.621,129.982,288.2
1986-01-24T18:23:59,4.303138,127.644,45.15,-194.534,129.691,286.902
1986-01-24T18:24:47,4.310715,128.063,44.696,-193.16,129.459,286.039
1986-01-24T18:25:35,4.317883,128.486,44.243,-190.82,129.159,285.117
1986-01-24T18:26:23,4.325872,128.902,43.786,-188.642,128.998,283.847
1986-01-24T18:27:11,4.333456,129.322,43.332,-186.546,128.704,282.453
1986-01-24T18:27:59,4.34185,129.735,42.872,-184.215,128.545,281.3
1986-01-24T18:28:47,4.349844,130.151,42.415,-181.818,128.476,279.904
1986-01-24T18:29:35,4.358637,130.56,41.953,-179.648,128.072,278.611
1986-01-24T18:30:23,4.367035,130.972,41.494,-177.539,127.952,277.143
1986-01-24T18:31:11,4.376226,131.378,41.029,-175.453,127.593,275.719
1986-01-24T18:31:59,4.385027,131.787,40.567,-173.359,127.454,274.014
1986-01-24T18:32:47,4.394602,132.188,40.1,-171.153,127.265,272.406
1986-01-24T18:33:35,4.403794,132.59300000000002,39.635,-168.898,127.098,270.979
1986-01-24T18:34:23,4.413757,132.99099999999999,39.165,-166.867,126.974,269.094
1986-01-24T18:35:11,4.423339,133.392,38.698,-164.638,126.668,267.536
1986-01-24T18:35:59,4.433683,133.785,38.225,-162.477,126.384,265.951
1986-01-24T18:36:47,4.443649,134.183,37.755,-160.262,126.188,264.34
1986-01-24T18:37:35,4.454365,134.572,37.279,-158.164,126.181,262.435
1986-01-24T18:38:23,4.46471,134.965,36.806,-156.075,125.967,260.546
1986-01-24T18:39:11,4.475792,135.35,36.328,-153.905,125.781,258.682
1986-01-24T18:39:59,4.486509,135.739,35.852,-152.041,125.506,256.761
1986-01-24T18:40:47,4.497955,136.12,35.37,-150.286,125.219,254.607
1986-01-24T18:41:35,4.509042,136.505,34.891,-148.447,125.06,252.482
1986-01-24T18:42:23,4.520838,136.881,34.407,-146.374,124.823,250.501
1986-01-24T18:43:11,4.532285,137.261,33.925,-144.459,124.502,248.78
1986-01-24T18:43:59,4.544437,137.633,33.437,-142.379,124.362,246.571
1986-01-24T18:44:47,4.556242,138.00900000000001,32.952,-140.506,124.127,244.443
1986-01-24T18:45:35,4.568732,138.376,32.46,-138.736,123.949,242.408
1986-01-24T18:46:23,4.580884,138.747,31.972,-136.819,123.646,240.269
1986-01-24T18:47:11,4.593719,139.11,31.477,-134.8,123.671,238.092
1986-01-24T18:47:59,4.606215,139.477,30.986,-132.944,123.522,235.823
1986-01-24T18:48:47,4.619376,139.835,30.488,-131.323,123.19,233.734
1986-01-24T18:49:35,4.632209,140.197,29.993,-129.562,123.082,231.279
1986-01-24T18:50:23,4.6457,140.55,29.491,-127.823,122.818,229.172
1986-01-24T18:51:11,4.658863,140.90800000000002,28.992,-125.855,122.657,226.927
1986-01-24T18:51:59,4.672675,141.256,28.487,-124.056,122.496,224.681
1986-01-24T18:52:47,4.686167,141.609,27.985,-122.677,122.286,222.349
1986-01-24T18:53:35,4.70029,141.953,27.476,-120.919,122.137,219.944
1986-01-24T18:54:23,4.7141,142.301,26.97,-119.344,121.861,217.606
1986-01-24T18:55:11,4.728566,142.639,26.456,-117.57,121.689,215.339
1986-01-24T18:55:59,4.742917,142.97899999999998,25.944,-116.294,121.375,212.968
1986-01-24T18:57:35,4.772076,143.652,24.914,-112.703,121.049,207.492
1986-01-24T18:58:23,4.78688,143.984,24.395,-111.91,120.741,205.729
1986-01-24T18:59:11,4.801833,144.314,23.875,-110.41,120.582,203.437
1986-01-24T18:59:59,4.816934,144.642,23.353,-108.677,120.628,200.888
1986-01-24T19:00:47,4.832176,144.96699999999998,22.828,-107.151,120.512,198.624
1986-01-24T19:01:35,4.847564,145.29,22.301,-105.994,120.296,196.163
1986-01-24T19:02:23,4.863093,145.611,21.773,-104.622,120.254,193.762
1986-01-24T19:03:11,4.878765,145.929,21.242,-103.049,120.227,191.206
1986-01-24T19:03:59,4.894572,146.244,20.708,-101.913,119.969,188.823
1986-01-24T19:04:47,4.91052,146.55700000000002,20.173,-100.448,119.896,186.476
1986-01-24T19:05:35,4.926602,146.868,19.635,-99.195,119.658,184.039
1986-01-24T19:06:23,4.942819,147.176,19.095,-97.943,119.247,181.797
1986-01-24T19:07:11,4.959171,147.482,18.553,-96.601,118.955,179.472
1986-01-24T19:07:59,4.975653,147.785,18.008,-95.316,118.679,177.172
1986-01-24T19:08:47,4.992266,148.086,17.461,-93.983,118.499,174.824
1986-01-24T19:09:35,5.009008,148.38400000000001,16.912,-92.763,118.297,172.434
1986-01-24T19:10:23,5.025879,148.68,16.36,-91.624,118.036,170.072
1986-01-24T19:11:11,5.042873,148.974,15.805,-90.48,117.786,167.74
1986-01-24T19:11:59,5.059995,149.265,15.248,-89.316,117.598,165.366
1986-01-24T19:12:47,5.07724,149.553,14.688,-88.198,117.362,163.02
1986-01-24T19:13:35,5.094606,149.839,14.126,-87.079,117.195,160.586
1986-01-24T19:14:23,5.112095,150.123,13.562,-86.136,116.87,158.222
1986-01-24T19:15:11,5.1297,150.404,12.994,-85.132,116.673,155.832
1986-01-24T19:15:59,5.147427,150.683,12.424,-84.104,116.453,153.468
1986-01-24T19:16:47,5.165268,150.959,11.851,-83.056,116.277,151.134
1986-01-24T19:17:35,5.183227,151.233,11.276,-81.955,116.014,148.877
1986-01-24T19:18:23,5.201298,151.505,10.697,-80.885,115.719,146.635
1986-01-24T19:19:11,5.219481,151.774,10.116,-79.607,115.288,143.771
1986-01-24T19:19:59,5.237777,152.04,9.532,-78.978,115.067,142.179
1986-01-24T19:20:47,5.256185,152.305,8.945,-78.114,114.76,139.923
1986-01-24T19:21:35,5.274701,152.566,8.355,-77.228,114.439,137.691
1986-01-24T19:22:23,5.293324,152.826,7.762,-76.403,114.099,135.44
1986-01-24T19:23:11,5.312056,153.083,7.166,-75.53,113.823,133.208
1986-01-24T19:23:59,5.330891,153.338,6.567,-74.758,113.499,130.949
1986-01-24T19:24:47,5.349829,153.59,5.965,-73.951,113.191,128.714
1986-01-24T19:25:35,5.368873,153.84,5.36,-73.211,112.811,126.522
1986-01-24T19:26:23,5.388019,154.087,4.752,-72.392,112.454,124.376
1986-01-24T19:27:11,5.407263,154.332,4.14,-71.607,112.082,122.214
1986-01-24T19:27:59,5.426608,154.575,3.526,-70.774,111.751,120.053
1986-01-24T19:28:47,5.446053,154.815,2.908,-70.009,111.407,117.935
1986-01-24T19:29:35,5.465591,155.053,2.287,-69.323,111.003,115.834
1986-01-24T19:30:23,5.485229,155.289,1.662,-68.669,110.622,113.709
1986-01-24T19:31:11,5.50496,155.522,1.034,-67.949,110.292,111.547
1986-01-24T19:31:59,5.524785,155.753,0.403,-67.31,109.899,109.486
1986-01-24T19:32:47,5.544703,155.981,-0.232,-66.663,109.522,107.378
1986-01-24T19:33:35,5.564713,156.208,-0.87,-66.023,109.081,105.324
1986-01-24T19:34:23,5.584813,156.43200000000002,-1.512,-65.438,108.691,103.244
1986-01-24T19:35:11,5.605002,156.65300000000002,-2.157,-64.932,108.241,101.191
1986-01-24T19:35:59,5.625278,156.872,-2.806,-64.354,107.859,99.133
1986-01-24T19:36:47,5.645646,157.089,-3.459,-63.812,107.451,97.11
1986-01-24T19:37:35,5.666096,157.304,-4.115,-63.174,107.054,95.122
1986-01-24T19:38:23,5.686633,157.51600000000002,-4.775,-62.537,106.634,93.174
1986-01-24T19:39:11,5.707255,157.726,-5.439,-61.983,106.191,91.236
1986-01-24T19:39:59,5.727961,157.934,-6.106,-61.455,105.711,89.348
1986-01-24T19:40:47,5.748748,158.14,-6.778,-60.916,105.272,87.406
1986-01-24T19:41:35,5.769615,158.34300000000002,-7.453,-60.344,104.884,85.477
1986-01-24T19:42:23,5.790564,158.54399999999998,-8.132,-59.793,104.388,83.631
1986-01-24T19:43:11,5.811591,158.74200000000002,-8.815,-59.282,103.871,81.823
1986-01-24T19:43:59,5.832699,158.939,-9.501,-58.727,103.395,80.008
1986-01-24T19:44:47,5.853882,159.13299999999998,-10.192,-58.242,102.867,78.251
1986-01-24T19:45:35,5.875142,159.324,-10.887,-57.809,102.413,76.692
1986-01-24T19:46:23,5.896478,159.514,-11.586,-57.086,101.746,74.128
1986-01-24T19:47:59,5.939376,159.886,-12.996,-56.483,100.834,71.064
1986-01-24T19:48:47,5.960934,160.06900000000002,-13.707,-56.036,100.295,69.334
1986-01-24T19:49:35,5.982564,160.25,-14.422,-55.63,99.765,67.637
1986-01-24T19:50:23,6.004267,160.428,-15.142,-55.253,99.191,65.935
1986-01-24T19:51:11,6.026037,160.60399999999998,-15.865,-54.868,98.625,64.276
1986-01-24T19:51:59,6.047879,160.77800000000002,-16.593,-54.41,98.095,62.614
1986-01-24T19:52:47,6.069792,160.95,-17.325,-54.026,97.569,60.924
1986-01-24T19:53:35,6.091771,161.12,-18.062,-53.52,97.088,59.271
1986-01-24T19:54:23,6.113815,161.287,-18.802,-53.155,96.48,57.659
1986-01-24T19:55:11,6.135927,161.452,-19.547,-52.705,95.945,56.161
1986-01-24T19:55:59,6.158104,161.615,-20.297,-52.271,95.351,54.6
1986-01-24T19:56:47,6.180347,161.776,-21.05,-51.825,94.811,53.052
1986-01-24T19:57:35,6.202653,161.934,-21.808,-51.486,94.234,51.513
1986-01-24T19:58:23,6.225025,162.09,-22.571,-51.183,93.658,49.937
1986-01-24T19:59:11,6.247455,162.245,-23.337,-50.865,93.077,48.388
1986-01-24T19:59:59,6.269949,162.39600000000002,-24.109,-50.561,92.499,46.781
1986-01-24T20:00:47,6.292503,162.546,-24.884,-50.25,91.914,45.244
1986-01-24T20:01:35,6.31512,162.69400000000002,-25.664,-49.93,91.316,43.823
1986-01-24T20:02:23,6.337795,162.839,-26.448,-49.538,90.695,42.372
1986-01-24T20:03:11,6.360528,162.983,-27.237,-49.158,90.135,40.881
1986-01-24T20:03:59,6.38332,163.124,-28.03,-48.851,89.558,39.384
1986-01-24T20:04:47,6.40617,163.263,-28.827,-48.604,88.969,37.868
1986-01-24T20:05:35,6.429076,163.4,-29.629,-48.351,88.34,36.38
1986-01-24T20:06:23,6.45204,163.534,-30.435,-48.097,87.743,34.976
1986-01-24T20:07:11,6.475056,163.667,-31.245,-47.843,87.097,33.558
1986-01-24T20:07:59,6.498128,163.797,-32.06,-47.53,86.457,32.225
1986-01-24T20:08:47,6.521255,163.926,-32.879,-47.176,85.848,30.995
1986-01-24T20:09:35,6.544435,164.05200000000002,-33.702,-46.823,85.216,29.7
1986-01-24T20:10:23,6.567669,164.176,-34.529,-46.45,84.609,28.377
1986-01-24T20:11:11,6.590953,164.298,-35.361,-46.131,83.955,27.053
1986-01-24T20:11:59,6.61429,164.418,-36.197,-45.857,83.346,25.788
1986-01-24T20:12:47,6.63768,164.536,-37.037,-45.537,82.729,24.448
1986-01-24T20:13:35,6.661118,164.651,-37.881,-45.335,82.072,23.062
1986-01-24T20:14:23,6.684607,164.765,-38.729,-45.133,81.416,21.765
1986-01-24T20:15:11,6.708143,164.876,-39.581,-44.906,80.724,20.478
1986-01-24T20:15:59,6.731729,164.986,-40.437,-44.612,80.082,19.335
1986-01-24T20:16:47,6.755363,165.09300000000002,-41.297,-44.34,79.373,18.177
1986-01-24T20:17:35,6.779046,165.19799999999998,-42.161,-44.046,78.679,17.085
1986-01-24T20:18:23,6.802773,165.301,-43.029,-43.755,77.993,15.938
1986-01-24T20:19:11,6.82655,165.402,-43.9,-43.529,77.292,14.877
1986-01-24T20:19:59,6.850371,165.501,-44.775,-43.311,76.598,13.741
1986-01-24T20:20:47,6.874238,165.598,-45.653,-43.01,75.926,12.649
1986-01-24T20:21:35,6.898149,165.69299999999998,-46.535,-42.777,75.218,11.51
1986-01-24T20:22:23,6.922104,165.786,-47.42,-42.505,74.524,10.403
1986-01-24T20:23:11,6.946103,165.877,-48.309,-42.362,73.78,9.301
1986-01-24T20:23:59,6.970145,165.966,-49.201,-42.192,73.041,8.292
1986-01-24T20:24:47,6.99423,166.053,-50.096,-42.021,72.307,7.204
1986-01-24T20:25:35,7.018358,166.138,-50.994,-41.825,71.573,6.195
1986-01-24T20:26:23,7.042528,166.22,-51.895,-41.628,70.815,5.142
1986-01-24T20:27:11,7.066738,166.301,-52.799,-41.398,70.082,4.161
1986-01-24T20:27:59,7.09099,166.38,-53.706,-41.132,69.348,3.27
1986-01-24T20:28:47,7.115285,166.457,-54.615,-41.018,68.52,2.273
1986-01-24T20:29:35,7.139614,166.53199999999998,-55.527,-40.855,67.748,1.36
1986-01-24T20:30:23,7.163985,166.60500000000002,-56.441,-40.654,66.996,0.473
1986-01-24T20:31:11,7.188396,166.676,-57.357,-40.454,66.241,-0.418
1986-01-24T20:31:59,7.212844,166.745,-58.276,-40.23,65.502,-1.301
1986-01-24T20:32:47,7.23733,166.812,-59.196,-39.99,64.764,-2.148
1986-01-24T20:33:35,7.261857,166.878,-60.119,-39.762,64.008,-2.979
1986-01-24T20:34:23,7.286419,166.941,-61.043,-39.512,63.012,-4.026
1986-01-24T20:35:11,7.311018,167.003,-61.969,-39.392,62.48,-4.584
1986-01-24T20:35:59,7.33565,167.062,-62.896,-39.193,61.712,-5.363
1986-01-24T20:36:47,7.360323,167.12,-63.825,-38.998,60.937,-6.164
1986-01-24T20:37:35,7.38503,167.176,-64.755,-38.824,60.149,-7.01
1986-01-24T20:38:23,7.40977,167.23000000000002,-65.686,-38.63,59.373,-7.815
1986-01-24T20:39:11,7.434546,167.28199999999998,-66.618,-38.444,58.593,-8.575
1986-01-24T20:39:59,7.459356,167.333,-67.551,-38.25,57.816,-9.298
1986-01-24T20:40:47,7.4842,167.382,-68.484,-38.052,57.041,-9.987
1986-01-24T20:41:35,7.509078,167.429,-69.418,-37.868,56.273,-10.653
1986-01-24T20:42:23,7.53399,167.474,-70.353,-37.665,55.483,-11.337
1986-01-24T20:43:11,7.558935,167.517,-71.287,-37.488,54.712,-11.978
1986-01-24T20:43:59,7.583911,167.559,-72.222,-37.296,53.931,-12.591
1986-01-24T20:44:47,7.608919,167.599,-73.156,-37.128,53.147,-13.197
1986-01-24T20:45:35,7.633961,167.637,-74.091,-36.943,52.368,-13.778
1986-01-24T20:46:23,7.659033,167.674,-75.025,-36.759,51.595,-14.326
1986-01-24T20:47:11,7.684135,167.709,-75.958,-36.615,50.817,-14.855
1986-01-24T20:47:59,7.709269,167.74200000000002,-76.891,-36.435,50.039,-15.41
1986-01-24T20:48:47,7.734431,167.774,-77.823,-36.275,49.241,-15.96
1986-01-24T20:49:35,7.759626,167.804,-78.753,-36.126,48.455,-16.489
1986-01-24T20:50:23,7.784847,167.833,-79.683,-35.968,47.657,-16.993
1986-01-24T20:51:11,7.810102,167.85899999999998,-80.612,-35.831,46.875,-17.455
1986-01-24T20:51:59,7.835384,167.885,-81.539,-35.683,46.085,-17.912
1986-01-24T20:52:47,7.860693,167.909,-82.465,-35.535,45.321,-18.328
1986-01-24T20:53:35,7.886032,167.93099999999998,-83.389,-35.419,44.563,-18.708
1986-01-24T20:54:23,7.9114,167.952,-84.312,-35.225,43.814,-19.119
1986-01-24T20:55:11,7.936794,167.971,-85.231,-35.071,43.052,-19.506
1986-01-24T20:55:59,7.962216,167.989,-86.15,-34.985,42.25,-19.878
1986-01-24T20:56:47,7.987665,168.006,-87.066,-34.918,41.432,-20.245
1986-01-24T20:57:35,8.013142,168.02100000000002,-87.98,-34.838,40.606,-20.592
1986-01-24T20:58:23,8.038644,168.035,-88.892,-34.661,39.902,-20.906
1986-01-24T20:59:11,8.064173,168.047,-89.801,-34.482,39.179,-21.186
1986-01-24T20:59:59,8.089726,168.058,-90.707,-34.346,38.479,-21.44
